{
    "variables": {
      "aws_access_key": "",
      "aws_secret_key": ""
    },
    "builders": [{
      "type": "amazon-ebs",
      "access_key": "{{user `aws_access_key`}}",
      "secret_key": "{{user `aws_secret_key`}}",
      "region": "eu-west-2",
      "source_ami_filter": {
        "filters": {
          "virtualization-type": "hvm",
          "name": "*ubuntu-bionic-18.04*",
          "root-device-type": "ebs"
        },
        "owners": ["099720109477"],
        "most_recent": true
      },
      "instance_type": "t2.micro",
      "ssh_username": "ubuntu",
      "ami_name": "wordpress-ha-node {{timestamp}}",
      "subnet_id": "{{user `subnet_id`}}"
    }],
    "provisioners":[
        {
            "type": "salt-masterless",
            "local_state_tree": "./salt_tree/srv/salt",
            "local_pillar_roots": "./salt_tree/srv/pillar",
            "salt_call_args": "pillar='{\"role\":\"builder\"}'"
          },
          {
            "type": "shell",
            "inline": ["rm -rf /srv/salt", "rm -rf /srv/pillar"],
            "execute_command":  "sudo sh -c '{{ .Vars }} {{ .Path }}'"
          }   
    ]
  }